<?xml version="1.0" encoding="UTF-8" standalone="yes"?>
<addon id="plugin.video.vod.k18.co" name="[COLOR=FF00FF00]k18[/COLOR]" version="0.01" provider-name="Jaxx Colgate">
  <requires>
    <import addon="xbmc.python" version="2.1.0"/>
    <import addon="script.module.xbmcswift2" version="2.4.0"/>
    <import addon="script.module.beautifulsoup4" version="4.3.0"/>
  </requires>
  <extension point="xbmc.python.pluginsource" library="addon.py">
    <provides>video</provides>
  </extension>
  <extension point="xbmc.addon.metadata">
    <platform>all</platform>
    <language></language>
    <summary>k18</summary>
    <description>k18</description>
  </extension>
</addon>
