<?xml version="1.0" encoding="UTF-8" standalone="yes"?>
<addon id="plugin.video.online.animedia.com" name="[COLOR=FFFF0000]Ani[/COLOR][COLOR=FF00FF00]Media[/COLOR]" version="0.4" provider-name="Jaxx Colgate">
  <requires>
    <import addon="xbmc.python" version="2.1.0"/>
    <import addon="script.module.xbmcswift2" version="2.4.0"/>
    <import addon="script.module.beautifulsoup4" version="4.3.0"/>
  </requires>
  <extension point="xbmc.python.pluginsource" library="addon.py">
    <provides>video</provides>
  </extension>
  <extension point="xbmc.addon.metadata">
    <platform>all</platform>
    <language></language>
    <summary>Просмотр аниме онлайн online.animedia.com</summary>
    <description>Просмотр аниме онлайн online.animedia.com</description>
  </extension>
</addon>
https://openload.co/stream/mcyIaX3dsww~1455868096~217.30.0.0~pzC7seZN?mime=true
                                       1455868096~217.30.0.0~pzC7seZN~